[{"assetType":"PassmanData","assetObject":{"name":"API_ACCESS_KEY236d0216-8a6d-4d62-a25a-93d992d68150","id":"API_ACCESS_KEY236d0216-8a6d-4d62-a25a-93d992d68150","status":"Success","explanation":"OK"}},{"assetType":"Team","assetObject":{"name":"Administrators","id":"Administrators","status":"Success","explanation":"OK"}},{"assetType":"Team","assetObject":{"name":"Default","id":"Default","status":"Success","explanation":"OK"}},{"assetType":"RegisteredApplication","assetObject":{"name":"RegisteredApplication [ TestApp ]","id":"236d0216-8a6d-4d62-a25a-93d992d68150","status":"Success","explanation":"OK"}},{"assetType":"Application","assetObject":{"name":"TestApp","id":"236d0216-8a6d-4d62-a25a-93d992d68150","status":"Success","explanation":"OK"}},{"assetType":"AccessControlList","assetObject":{"name":"AccessControlList for asset : TestApp","id":"7bd4e810-a6e3-4e47-8423-862542ae7dbb","status":"Success","explanation":"OK"}}]