[{"assetType":"PassmanData","assetObject":{"name":"71593549-1ec6-4302-8169-53bae479785fAPIPORTAL","id":"71593549-1ec6-4302-8169-53bae479785fAPIPORTAL","status":"Success","explanation":"OK","warning":false}},{"assetType":"PassmanData","assetObject":{"name":"71593549-1ec6-4302-8169-53bae479785fGATEWAY","id":"71593549-1ec6-4302-8169-53bae479785fGATEWAY","status":"Success","explanation":"OK","warning":false}},{"assetType":"PortalGateway","assetObject":{"name":"DevOpsDemoPROD","id":"71593549-1ec6-4302-8169-53bae479785f","status":"Success","explanation":"OK","warning":false}}]